id,technicianId,date,startTime,endTime,isBooked,createdAt,updatedAt
dc7cb474-471c-49c2-85d6-5daf2f9de399,aeca9503-141c-45d5-be12-ed16b924020c,2026-10-08 00:00:00,09:00,12:00,false,2026-10-07 10:00:00,2026-10-07 10:00:00
2ac480b3-09a0-4848-bd04-f2fd634b0c5e,aeca9503-141c-45d5-be12-ed16b924020c,2026-10-12 00:00:00,13:00,16:00,false,2026-10-07 10:00:00,2026-10-07 10:00:00
0ad821ea-a517-49cf-bdae-98899fa34ec6,aeca9503-141c-45d5-be12-ed16b924020c,2026-10-16 00:00:00,16:00,19:00,false,2026-10-07 10:00:00,2026-10-07 10:00:00
1536c4e2-7a5b-4be3-9d9d-54880d1ebc9a,b10d2687-d819-4db2-9a8c-235b0aba7f67,2026-10-12 00:00:00,09:00,12:00,false,2026-10-07 10:00:00,2026-10-07 10:00:00
b70d1af2-0627-45fc-b6b0-4bfdc35bb3a5,b10d2687-d819-4db2-9a8c-235b0aba7f67,2026-10-15 00:00:00,13:00,16:00,false,2026-10-07 10:00:00,2026-10-07 10:00:00
4ebadcff-fc96-421a-aaa8-b793091f5fb1,b10d2687-d819-4db2-9a8c-235b0aba7f67,2026-10-19 00:00:00,16:00,19:00,false,2026-10-07 10:00:00,2026-10-07 10:00:00
d6144e3e-ce6c-4925-be6c-345a16185017,c424cbd4-55d5-44b5-9706-5baf706996e5,2026-10-14 00:00:00,09:00,12:00,false,2026-10-07 10:00:00,2026-10-07 10:00:00
23390cd8-531e-4c04-9925-458fc3a64429,c424cbd4-55d5-44b5-9706-5baf706996e5,2026-10-19 00:00:00,13:00,16:00,false,2026-10-07 10:00:00,2026-10-07 10:00:00
164fa173-510e-48a6-ba19-a64c3d2e61ce,c424cbd4-55d5-44b5-9706-5baf706996e5,2026-10-22 00:00:00,16:00,19:00,false,2026-10-07 10:00:00,2026-10-07 10:00:00
e3f190db-012a-436c-adbc-d299fc06c575,96311911-b41e-4113-8c25-2bf9f8c2c7ca,2026-10-19 00:00:00,09:00,12:00,false,2026-10-07 10:00:00,2026-10-07 10:00:00
0ba573c9-2f05-47b2-967c-002adb826544,96311911-b41e-4113-8c25-2bf9f8c2c7ca,2026-10-21 00:00:00,13:00,16:00,false,2026-10-07 10:00:00,2026-10-07 10:00:00
7e5b06bd-950f-4742-b86f-f0bd62e7026d,96311911-b41e-4113-8c25-2bf9f8c2c7ca,2026-10-26 00:00:00,16:00,19:00,false,2026-10-07 10:00:00,2026-10-07 10:00:00
381c1a83-e405-4e86-9bff-43bb942e3646,a3aa1aaa-39fb-4ce2-add6-c8fe220cc609,2026-10-20 00:00:00,09:00,12:00,false,2026-10-07 10:00:00,2026-10-07 10:00:00
93bf1924-9279-48fb-bcdc-78c3749ce3c1,a3aa1aaa-39fb-4ce2-add6-c8fe220cc609,2026-10-26 00:00:00,13:00,16:00,false,2026-10-07 10:00:00,2026-10-07 10:00:00
f839bcd3-1cfd-46a3-971d-27c06a00ad96,a3aa1aaa-39fb-4ce2-add6-c8fe220cc609,2026-10-28 00:00:00,16:00,19:00,false,2026-10-07 10:00:00,2026-10-07 10:00:00
1b6b8865-6116-4aa3-a5b8-198b2e73701b,cd3153fc-e4bd-43be-8b34-57b253b674db,2026-10-23 00:00:00,09:00,12:00,false,2026-10-07 10:00:00,2026-10-07 10:00:00
8d4e4ec2-e359-4510-9a52-d71300fc0744,cd3153fc-e4bd-43be-8b34-57b253b674db,2026-10-27 00:00:00,13:00,16:00,false,2026-10-07 10:00:00,2026-10-07 10:00:00
651d1ce7-8603-4356-ba07-727511220d38,cd3153fc-e4bd-43be-8b34-57b253b674db,2026-11-02 00:00:00,16:00,19:00,false,2026-10-07 10:00:00,2026-10-07 10:00:00
eb7e3cb4-3de6-4941-b5f8-c56c7ca9185c,22be25e3-0580-4b0e-879f-c571194123e5,2026-10-26 00:00:00,09:00,12:00,false,2026-10-07 10:00:00,2026-10-07 10:00:00
d57b33c4-0724-4080-baab-1c4249f4fadc,22be25e3-0580-4b0e-879f-c571194123e5,2026-10-30 00:00:00,13:00,16:00,false,2026-10-07 10:00:00,2026-10-07 10:00:00
c9e350f6-68ca-4ab8-880f-9ca3d7cfeb68,22be25e3-0580-4b0e-879f-c571194123e5,2026-11-03 00:00:00,16:00,19:00,false,2026-10-07 10:00:00,2026-10-07 10:00:00
4a5802a9-0e4a-4547-9cef-d105bda4249c,555f5520-d073-400a-9fed-f79ba139b5a7,2026-10-29 00:00:00,09:00,12:00,false,2026-10-07 10:00:00,2026-10-07 10:00:00
3f1b5346-14a5-43c7-93b9-8e63a676ce40,555f5520-d073-400a-9fed-f79ba139b5a7,2026-11-02 00:00:00,13:00,16:00,false,2026-10-07 10:00:00,2026-10-07 10:00:00
f611a4ca-4082-4093-ad48-209c46fb7c28,555f5520-d073-400a-9fed-f79ba139b5a7,2026-11-06 00:00:00,16:00,19:00,false,2026-10-07 10:00:00,2026-10-07 10:00:00
77bd827b-3fb7-4b42-8399-ab43b9439bf5,9439e0be-537c-451d-a254-1e719132d7df,2026-11-02 00:00:00,09:00,12:00,false,2026-10-07 10:00:00,2026-10-07 10:00:00
62df9946-275b-4d3a-b544-9f2cba046515,9439e0be-537c-451d-a254-1e719132d7df,2026-11-05 00:00:00,13:00,16:00,false,2026-10-07 10:00:00,2026-10-07 10:00:00
c51b12e9-2461-4595-8310-367780a9e94e,9439e0be-537c-451d-a254-1e719132d7df,2026-11-09 00:00:00,16:00,19:00,false,2026-10-07 10:00:00,2026-10-07 10:00:00
e073d9c7-0126-45aa-a31a-852c1eea17ce,07c3725f-5568-4960-ae14-fd1004b27f26,2026-11-04 00:00:00,09:00,12:00,false,2026-10-07 10:00:00,2026-10-07 10:00:00
15441225-007e-42e8-95d3-4d564c209ce8,07c3725f-5568-4960-ae14-fd1004b27f26,2026-11-09 00:00:00,13:00,16:00,false,2026-10-07 10:00:00,2026-10-07 10:00:00
09191f12-41ab-442c-b9c7-dc22274d489d,07c3725f-5568-4960-ae14-fd1004b27f26,2026-11-12 00:00:00,16:00,19:00,false,2026-10-07 10:00:00,2026-10-07 10:00:00
402a5484-9c31-44b0-95ac-3b7460bc9a6b,9e9cc927-21ec-47d6-a796-439bb3657567,2026-11-09 00:00:00,09:00,12:00,false,2026-10-07 10:00:00,2026-10-07 10:00:00
1edf78b3-a793-43a4-b52e-7ced346d30b3,9e9cc927-21ec-47d6-a796-439bb3657567,2026-11-11 00:00:00,13:00,16:00,false,2026-10-07 10:00:00,2026-10-07 10:00:00
2da297f3-f26f-4d95-8708-b42db57c8ee3,9e9cc927-21ec-47d6-a796-439bb3657567,2026-11-16 00:00:00,16:00,19:00,false,2026-10-07 10:00:00,2026-10-07 10:00:00
b3698bf8-7bbb-4ef2-9771-c6c4d38ddc80,fe9239b6-4b83-42be-b8ef-b305dd51acba,2026-11-10 00:00:00,09:00,12:00,false,2026-10-07 10:00:00,2026-10-07 10:00:00
312452dd-73ac-4024-ae78-fe17b5370349,fe9239b6-4b83-42be-b8ef-b305dd51acba,2026-11-16 00:00:00,13:00,16:00,false,2026-10-07 10:00:00,2026-10-07 10:00:00
c3ef5f81-2d57-4843-867c-72899256bc40,fe9239b6-4b83-42be-b8ef-b305dd51acba,2026-11-18 00:00:00,16:00,19:00,false,2026-10-07 10:00:00,2026-10-07 10:00:00
e8c873ee-f1ab-4a2d-a6bd-0ae1cfc7e7f1,6610c485-0976-457a-a6aa-d2f526ce979e,2026-11-13 00:00:00,09:00,12:00,false,2026-10-07 10:00:00,2026-10-07 10:00:00
1dd14632-eca0-4ade-8c8b-def3ab7315d3,6610c485-0976-457a-a6aa-d2f526ce979e,2026-11-17 00:00:00,13:00,16:00,false,2026-10-07 10:00:00,2026-10-07 10:00:00
79db8e95-636a-4527-863d-2e88bffd2c99,6610c485-0976-457a-a6aa-d2f526ce979e,2026-11-23 00:00:00,16:00,19:00,false,2026-10-07 10:00:00,2026-10-07 10:00:00
9585ca8c-77cd-44c7-8eca-1b4551be1194,db419652-e7e5-4243-9162-ba7f9bd984d9,2026-11-16 00:00:00,09:00,12:00,false,2026-10-07 10:00:00,2026-10-07 10:00:00
1d76c615-b48e-4fe0-8519-4a7ebfca1748,db419652-e7e5-4243-9162-ba7f9bd984d9,2026-11-20 00:00:00,13:00,16:00,false,2026-10-07 10:00:00,2026-10-07 10:00:00
c039866c-0c24-4f1d-bb9f-244584dc576d,db419652-e7e5-4243-9162-ba7f9bd984d9,2026-11-24 00:00:00,16:00,19:00,false,2026-10-07 10:00:00,2026-10-07 10:00:00
de54d95e-7e03-4f4b-b74e-7efad6174975,afb86006-e15b-495a-9048-1cc07f1e9e51,2026-11-19 00:00:00,09:00,12:00,false,2026-10-07 10:00:00,2026-10-07 10:00:00
0d99698a-2963-42bc-badb-1fbf669717b3,afb86006-e15b-495a-9048-1cc07f1e9e51,2026-11-23 00:00:00,13:00,16:00,false,2026-10-07 10:00:00,2026-10-07 10:00:00
7a2db156-458a-4b29-9f78-58c637100148,afb86006-e15b-495a-9048-1cc07f1e9e51,2026-11-27 00:00:00,16:00,19:00,false,2026-10-07 10:00:00,2026-10-07 10:00:00
f692618a-0a0d-4423-99cf-d49bc13119b1,4924e49f-f046-46b2-bf17-d23f5d4d1f06,2026-11-23 00:00:00,09:00,12:00,false,2026-10-07 10:00:00,2026-10-07 10:00:00
e763f248-ae54-4388-9e28-2b38c71422e3,4924e49f-f046-46b2-bf17-d23f5d4d1f06,2026-11-26 00:00:00,13:00,16:00,false,2026-10-07 10:00:00,2026-10-07 10:00:00
2903551c-a0c7-483b-969b-3d0ffd68bb3d,4924e49f-f046-46b2-bf17-d23f5d4d1f06,2026-11-30 00:00:00,16:00,19:00,false,2026-10-07 10:00:00,2026-10-07 10:00:00
fc3f29d9-970b-49ee-a5e3-d6ec739bb38f,c3fac843-cfd5-4340-a53f-e08e567843d3,2026-11-25 00:00:00,09:00,12:00,false,2026-10-07 10:00:00,2026-10-07 10:00:00
f9843fea-c49b-424b-99ee-c09de65a41f1,c3fac843-cfd5-4340-a53f-e08e567843d3,2026-11-30 00:00:00,13:00,16:00,false,2026-10-07 10:00:00,2026-10-07 10:00:00
3c7b774f-b330-4957-a1cf-72df6966e5ce,c3fac843-cfd5-4340-a53f-e08e567843d3,2026-12-03 00:00:00,16:00,19:00,false,2026-10-07 10:00:00,2026-10-07 10:00:00
d2bdfdf7-e153-4941-b610-eceae47d9992,448adf99-cc41-49b0-933a-fd7c42c80034,2026-11-30 00:00:00,09:00,12:00,false,2026-10-07 10:00:00,2026-10-07 10:00:00
6418ebae-db68-4d5c-8f52-2e7f51c98d41,448adf99-cc41-49b0-933a-fd7c42c80034,2026-12-02 00:00:00,13:00,16:00,false,2026-10-07 10:00:00,2026-10-07 10:00:00
ffff8851-35a8-4ab8-9be3-fdf73c0184a8,448adf99-cc41-49b0-933a-fd7c42c80034,2026-12-07 00:00:00,16:00,19:00,false,2026-10-07 10:00:00,2026-10-07 10:00:00
9495cbdf-f6b0-4e55-9982-677af19d7f57,20f6a377-bfc3-46bc-b0a5-6f169e947d09,2026-12-01 00:00:00,09:00,12:00,false,2026-10-07 10:00:00,2026-10-07 10:00:00
a42b7627-f382-4ab1-889d-0de3debd9fdc,20f6a377-bfc3-46bc-b0a5-6f169e947d09,2026-12-07 00:00:00,13:00,16:00,false,2026-10-07 10:00:00,2026-10-07 10:00:00
86982d67-a72d-4f52-b20a-f51ea4137d84,20f6a377-bfc3-46bc-b0a5-6f169e947d09,2026-12-09 00:00:00,16:00,19:00,false,2026-10-07 10:00:00,2026-10-07 10:00:00
23259908-963c-4383-abbd-693d16cfa186,893ae41c-1e6d-4d63-8d0a-b34c871ad755,2026-12-04 00:00:00,09:00,12:00,false,2026-10-07 10:00:00,2026-10-07 10:00:00
c5f369b8-b307-4673-85b5-bff3e2d9fb62,893ae41c-1e6d-4d63-8d0a-b34c871ad755,2026-12-08 00:00:00,13:00,16:00,false,2026-10-07 10:00:00,2026-10-07 10:00:00
d9dcbdf0-5e0b-4cc1-84ab-cd7bbea078e9,893ae41c-1e6d-4d63-8d0a-b34c871ad755,2026-12-14 00:00:00,16:00,19:00,false,2026-10-07 10:00:00,2026-10-07 10:00:00
