id,userId,bio,experience,specialization,hourlyRate,rating,totalReviews,isAvailable,createdAt,updatedAt
aeca9503-141c-45d5-be12-ed16b924020c,7baca8c6-ef27-4dd3-bfbb-cf33b3d005b3,"Certified HVAC technician with 8+ years of hands-on experience repairing and installing split AC units, conducting gas refills and diagnosing cooling faults. Known for punctual visits, honest advice and a tidy workspace after every job.",8,HVAC & Air Conditioning,900.00,0.00,0,true,2025-06-01 10:00:00,2025-06-01 10:00:00
b10d2687-d819-4db2-9a8c-235b0aba7f67,81f2cc2c-e96a-433d-ad1b-63718a1016a6,"Focused on AC deep cleaning, preventive servicing and filter maintenance for homes and offices. I follow a strict checklist to keep indoor air clean and reduce energy waste. Quick response and guaranteed satisfaction.",5,HVAC & Air Conditioning,750.00,0.00,0,true,2025-06-02 10:00:00,2025-06-02 10:00:00
c424cbd4-55d5-44b5-9706-5baf706996e5,475054c1-714b-4748-8384-6b4062f1c2ed,"Seasoned plumber experienced in water pipe installation, leakage detection and repair, bathroom fittings and drain unblocking. I use pressure tests to confirm every connection and leave the site clean and dry.",10,Plumbing,850.00,0.00,0,true,2025-06-03 10:00:00,2025-06-03 10:00:00
96311911-b41e-4113-8c25-2bf9f8c2c7ca,e6615b10-e281-428c-9f86-4226fe519eed,"Reliable technician specializing in sink washing, washbasin and toilet unblocking, commode installation and faucet replacement. I carry professional tools and eco-safe cleaning solutions to every visit.",6,Plumbing,700.00,0.00,0,true,2025-06-04 10:00:00,2025-06-04 10:00:00
a3aa1aaa-39fb-4ce2-add6-c8fe220cc609,07eef97b-8ac0-464f-875b-3b472ded4aa0,"Licensed electrician with deep knowledge of residential wiring, circuit breaker setup, switch-socket points and safety earthing. Every job is followed by a complete load test and safety documentation.",9,Electrical,950.00,0.00,0,true,2025-06-05 10:00:00,2025-06-05 10:00:00
cd3153fc-e4bd-43be-8b34-57b253b674db,030b2471-425f-4ef4-bb7f-0a035172af31,"Skilled in installing ceiling fans, LED lights, switch boards and hanging lamps with neat and concealed wiring. I balance fan blades carefully and test every switch and connection before leaving.",4,Electrical,650.00,0.00,0,true,2025-06-06 10:00:00,2025-06-06 10:00:00
22be25e3-0580-4b0e-879f-c571194123e5,a2bcd9ae-1b1c-4341-9247-a2e582b10b30,"Expert in diagnosing automatic and semi-automatic washing machine faults covering motors, pumps, inlet valves and drainage. I replace only quality parts, explain the issue clearly and run a full test cycle.",7,Appliance Repair,800.00,0.00,0,true,2025-06-07 10:00:00,2025-06-07 10:00:00
555f5520-d073-400a-9fed-f79ba139b5a7,6a5b086e-3d30-40c1-8280-891dbcae27b5,"Technician focused on fridge cooling issues, thermostat problems, compressor checks and gas charging. I always detect and seal leaks before refilling and verify temperature levels at the end of the service.",6,Appliance Repair,820.00,0.00,0,true,2025-06-08 10:00:00,2025-06-08 10:00:00
9439e0be-537c-451d-a254-1e719132d7df,edf4bf27-df62-4797-ab4c-3cd6a5ce6918,"Careful with every wall type, I mount and fix LED and smart TVs with sturdy brackets, hide cables neatly and align DTH dishes for a strong signal. Channel tuning and a clean finish included.",5,Appliance Repair,700.00,0.00,0,true,2025-06-09 10:00:00,2025-06-09 10:00:00
07c3725f-5568-4960-ae14-fd1004b27f26,921389a0-cdad-4dc8-ba9e-bcb2d776d41f,"Team leader for deep cleaning jobs covering kitchens, bathrooms and full apartments. We use safe, chemical-free solutions, follow a room-by-room checklist and always do a final quality walkthrough.",6,Cleaning,600.00,0.00,0,true,2025-06-10 10:00:00,2025-06-10 10:00:00
9e9cc927-21ec-47d6-a796-439bb3657567,4c8f9866-3f7a-4d73-ae83-e5e4bcd4a00d,"Specialist in carpet, sofa and mattress cleaning using extraction and shampoo methods with stain and odor treatment. I protect your furniture, use gentle foam and hand over dry, fresh pieces.",4,Cleaning,650.00,0.00,0,true,2025-06-11 10:00:00,2025-06-11 10:00:00
fe9239b6-4b83-42be-b8ef-b305dd51acba,eaf2ff30-4251-48cf-bb9a-5b5f614c11ef,"Experienced painting contractor handling wall putty, primer, premium paint and waterproofing. I lead a small crew, protect your floors and furniture, keep to the schedule and deliver a smooth finish.",11,Painting & Renovation,1000.00,0.00,0,true,2025-06-12 10:00:00,2025-06-12 10:00:00
6610c485-0976-457a-a6aa-d2f526ce979e,e23845f4-16ab-4927-83af-2c687578cb77,"Focused on wall crack filling, damp patch repair and seepage prevention with sealants and waterproofing coats. I diagnose the root cause first so the fix lasts, not just covers the problem.",5,Painting & Renovation,780.00,0.00,0,true,2025-06-13 10:00:00,2025-06-13 10:00:00
db419652-e7e5-4243-9162-ba7f9bd984d9,538911a4-dacf-4129-bd2f-132ed73d510c,"Carpenter with strong experience in wardrobe and bed assembly, loose joint repair, broken drawer fixing and hinge alignment. I use precision tools, check stability and clean up sawdust after each job.",8,Carpentry,750.00,0.00,0,true,2025-06-14 10:00:00,2025-06-14 10:00:00
afb86006-e15b-495a-9048-1cc07f1e9e51,08e7d25f-fc7e-4ff5-a20f-a22ecf1b4749,"Detail-oriented woodworker for custom shelves, tables and kitchen cabinetry. I take exact measurements, work with quality timber and finishing varnishes, and always verify that everything fits perfectly.",6,Carpentry,820.00,0.00,0,true,2025-06-15 10:00:00,2025-06-15 10:00:00
4924e49f-f046-46b2-bf17-d23f5d4d1f06,a2b7ca5a-31ff-4273-a709-3ed090144c9b,"Passionate gardener who designs rooftop and balcony green spaces with planters, soil work, seasonal flowers and drip watering. I choose low-maintenance plants that suit Dhaka climates and provide care guides.",7,Gardening,720.00,0.00,0,true,2025-06-16 10:00:00,2025-06-16 10:00:00
c3fac843-cfd5-4340-a53f-e08e567843d3,957d093c-258f-4c58-b93a-81474629bf11,"I specialize in grass cutting, hedge trimming, pruning and regular plant care for home gardens. I bring my own equipment, dispose of clippings and keep your green space healthy year-round.",4,Gardening,600.00,0.00,0,true,2025-06-17 10:00:00,2025-06-17 10:00:00
448adf99-cc41-49b0-933a-fd7c42c80034,3d7b957d-ed7b-4c95-8e94-0ef2e2f7736b,"Experienced moving coordinator for household shifting with careful packing, loading and unpacking. I lead a trained crew, protect electronics and fragile items with secure wrapping and place furniture as requested.",9,Moving & Shifting,900.00,0.00,0,true,2025-06-18 10:00:00,2025-06-18 10:00:00
20f6a377-bfc3-46bc-b0a5-6f169e947d09,0251d1da-458f-4899-bc4c-df77d504970a,"Senior electrician for complex wiring, load balancing, inverter and generator connections. I prioritize safety, use proper wire gauges and provide a written completion report with tests for every installation.",12,Electrical,1100.00,0.00,0,true,2025-06-19 10:00:00,2025-06-19 10:00:00
893ae41c-1e6d-4d63-8d0a-b34c871ad755,d963a7e1-1be4-4da3-8b5d-19c09c96ae84,"Young HVAC technician offering routine AC servicing contracts for homes and small offices. I handle filter cleaning, drain flushing, thermostat checks and small parts replacement with quick turnaround times.",3,HVAC & Air Conditioning,680.00,0.00,0,true,2025-06-20 10:00:00,2025-06-20 10:00:00
