id,name,email,password,role,phone,avatar,avatarPublicId,status,emailVerified,googleId,authProvider,createdAt,updatedAt
7baca8c6-ef27-4dd3-bfbb-cf33b3d005b3,Rafiqul Islam,rafiqul.islam@example.com,,TECHNICIAN,01710-111201,https://images.unsplash.com/photo-1507003211169-0a1dd7228f2d?auto=format&fit=crop&w=400&q=80,,ACTIVE,true,,CREDENTIAL,2025-06-01 10:00:00,2025-06-01 10:00:00
81f2cc2c-e96a-433d-ad1b-63718a1016a6,Tanvir Ahmed,tanvir.ahmed@example.com,,TECHNICIAN,01710-111202,https://images.unsplash.com/photo-1633332755192-727a05c4013d?auto=format&fit=crop&w=400&q=80,,ACTIVE,true,,CREDENTIAL,2025-06-02 10:00:00,2025-06-02 10:00:00
475054c1-714b-4748-8384-6b4062f1c2ed,Sabbir Hossain,sabbir.hossain@example.com,,TECHNICIAN,01710-111203,https://images.unsplash.com/photo-1500648767791-00dcc994a43e?auto=format&fit=crop&w=400&q=80,,ACTIVE,true,,CREDENTIAL,2025-06-03 10:00:00,2025-06-03 10:00:00
e6615b10-e281-428c-9f86-4226fe519eed,Mamunur Rashid,mamunur.rashid@example.com,,TECHNICIAN,01710-111204,https://images.unsplash.com/photo-1506794778202-cad84cf45f1d?auto=format&fit=crop&w=400&q=80,,ACTIVE,true,,CREDENTIAL,2025-06-04 10:00:00,2025-06-04 10:00:00
07eef97b-8ac0-464f-875b-3b472ded4aa0,Jahid Hasan,jahid.hasan@example.com,,TECHNICIAN,01710-111205,https://images.unsplash.com/photo-1519085360753-af0119f7cbe7?auto=format&fit=crop&w=400&q=80,,ACTIVE,true,,CREDENTIAL,2025-06-05 10:00:00,2025-06-05 10:00:00
030b2471-425f-4ef4-bb7f-0a035172af31,Arifur Rahman,arifur.rahman@example.com,,TECHNICIAN,01710-111206,https://images.unsplash.com/photo-1534528741775-53994a69daeb?auto=format&fit=crop&w=400&q=80,,ACTIVE,true,,CREDENTIAL,2025-06-06 10:00:00,2025-06-06 10:00:00
a2bcd9ae-1b1c-4341-9247-a2e582b10b30,Shakil Mahmud,shakil.mahmud@example.com,,TECHNICIAN,01710-111207,https://images.unsplash.com/photo-1472099645785-5658abf4ff4e?auto=format&fit=crop&w=400&q=80,,ACTIVE,true,,CREDENTIAL,2025-06-07 10:00:00,2025-06-07 10:00:00
6a5b086e-3d30-40c1-8280-891dbcae27b5,Kamrul Islam,kamrul.islam@example.com,,TECHNICIAN,01710-111208,https://images.unsplash.com/photo-1517841905240-472988babdf9?auto=format&fit=crop&w=400&q=80,,ACTIVE,true,,CREDENTIAL,2025-06-08 10:00:00,2025-06-08 10:00:00
edf4bf27-df62-4797-ab4c-3cd6a5ce6918,Rakibul Karim,rakibul.karim@example.com,,TECHNICIAN,01710-111209,https://images.unsplash.com/photo-1580489944761-15a19d654956?auto=format&fit=crop&w=400&q=80,,ACTIVE,true,,CREDENTIAL,2025-06-09 10:00:00,2025-06-09 10:00:00
921389a0-cdad-4dc8-ba9e-bcb2d776d41f,Nahid Parvez,nahid.parvez@example.com,,TECHNICIAN,01710-111210,https://images.unsplash.com/photo-1544005313-94ddf0286df2?auto=format&fit=crop&w=400&q=80,,ACTIVE,true,,CREDENTIAL,2025-06-10 10:00:00,2025-06-10 10:00:00
4c8f9866-3f7a-4d73-ae83-e5e4bcd4a00d,Fahim Shahriar,fahim.shahriar@example.com,,TECHNICIAN,01710-111211,https://images.unsplash.com/photo-1494790108377-be9c29b29330?auto=format&fit=crop&w=400&q=80,,ACTIVE,true,,CREDENTIAL,2025-06-11 10:00:00,2025-06-11 10:00:00
eaf2ff30-4251-48cf-bb9a-5b5f614c11ef,Mithun Sarker,mithun.sarker@example.com,,TECHNICIAN,01710-111212,https://images.unsplash.com/photo-1560250097-0b93528c311a?auto=format&fit=crop&w=400&q=80,,ACTIVE,true,,CREDENTIAL,2025-06-12 10:00:00,2025-06-12 10:00:00
e23845f4-16ab-4927-83af-2c687578cb77,Al Amin,al.amin@example.com,,TECHNICIAN,01710-111213,https://images.unsplash.com/photo-1519085360753-af0119f7cbe7?auto=format&fit=crop&w=400&q=80,,ACTIVE,true,,CREDENTIAL,2025-06-13 10:00:00,2025-06-13 10:00:00
538911a4-dacf-4129-bd2f-132ed73d510c,Helal Uddin,helal.uddin@example.com,,TECHNICIAN,01710-111214,https://images.unsplash.com/photo-1547425260-76bcadfb4f2c?auto=format&fit=crop&w=400&q=80,,ACTIVE,true,,CREDENTIAL,2025-06-14 10:00:00,2025-06-14 10:00:00
08e7d25f-fc7e-4ff5-a20f-a22ecf1b4749,Sohan Mia,sohan.mia@example.com,,TECHNICIAN,01710-111215,https://images.unsplash.com/photo-1506794778202-cad84cf45f1d?auto=format&fit=crop&w=400&q=80,,ACTIVE,true,,CREDENTIAL,2025-06-15 10:00:00,2025-06-15 10:00:00
a2b7ca5a-31ff-4273-a709-3ed090144c9b,Rubel Chowdhury,rubel.chowdhury@example.com,,TECHNICIAN,01710-111216,https://images.unsplash.com/photo-1507003211169-0a1dd7228f2d?auto=format&fit=crop&w=400&q=80,,ACTIVE,true,,CREDENTIAL,2025-06-16 10:00:00,2025-06-16 10:00:00
957d093c-258f-4c58-b93a-81474629bf11,Rony Das,rony.das@example.com,,TECHNICIAN,01710-111217,https://images.unsplash.com/photo-1438761681033-6461ffad8d80?auto=format&fit=crop&w=400&q=80,,ACTIVE,true,,CREDENTIAL,2025-06-17 10:00:00,2025-06-17 10:00:00
3d7b957d-ed7b-4c95-8e94-0ef2e2f7736b,Masud Rana,masud.rana@example.com,,TECHNICIAN,01710-111218,https://images.unsplash.com/photo-1500648767791-00dcc994a43e?auto=format&fit=crop&w=400&q=80,,ACTIVE,true,,CREDENTIAL,2025-06-18 10:00:00,2025-06-18 10:00:00
0251d1da-458f-4899-bc4c-df77d504970a,Imran Kabir,imran.kabir@example.com,,TECHNICIAN,01710-111219,https://images.unsplash.com/photo-1560250097-0b93528c311a?auto=format&fit=crop&w=400&q=80,,ACTIVE,true,,CREDENTIAL,2025-06-19 10:00:00,2025-06-19 10:00:00
d963a7e1-1be4-4da3-8b5d-19c09c96ae84,Farhan Chowdhury,farhan.chowdhury@example.com,,TECHNICIAN,01710-111220,https://images.unsplash.com/photo-1517841905240-472988babdf9?auto=format&fit=crop&w=400&q=80,,ACTIVE,true,,CREDENTIAL,2025-06-20 10:00:00,2025-06-20 10:00:00
